subject,body,answer,type,queue,priority,language,tag_1,tag_2,tag_3,tag_4,tag_5,tag_6,tag_7,tag_8
Reported Issue with Project Sync Resulting in Data Loss,"Dear Customer Support,\n\nI am reporting an issue with our project sync, which has led to data loss. This sync failure occurred after recent software updates, possibly due to incompatibility issues. Despite restarting our systems and reviewing firewall settings, the problem remains unresolved.\n\nThe software updates were installed recently, and the sync failure happened shortly thereafter. Our team has attempted to troubleshoot the issue by restarting the systems and reviewing the firewall settings, but these efforts have been unsuccessful.\n\nI would greatly appreciate it if you could investigate this matter and provide a solution to resolve the sync issue and recover the lost data. If there is any additional information or logs you require from our side, please let me know.\n\nThank you for your time and assistance.\n\nBest regards,\n[Your Name]",We will look into the sync issue and contact you for any required information and to assist in finding a resolution.,Incident,Technical Support,high,en,Technical,Bug,DataLoss,SoftwareUpdate,SyncIssue,Resolution,,
Issue with Website Analytics Dashboard,"Dear Customer Support, I am encountering a problem with my website analytics dashboard that is not updating. I believe there might be an issue with the API connection. I have already restarted the dashboard and verified my credentials, yet the problem still exists. Could you please investigate and offer a solution at your earliest convenience? If you require any additional information from me, please let me know. Thank you for your assistance, and I look forward to your response.","Dear <name>, we regret the inconvenience you have experienced with your website analytics dashboard. We will look into the potential API connection issue. Could you please provide your <acc_num> and any specific error messages you are receiving so we can assist you further?",Incident,Technical Support,low,en,Technical,Bug,API,Documentation,Resolution,Customer,,
Urgent: Data Breach Identified in Hospital Network,"Data breach found, assistance required",Please handle this data breach with urgency. Kindly share the specifics of the issue at hand and an expert will be assigned to assist you promptly.,Incident,Technical Support,high,en,Security,Network,Outage,IT,,,,
Urgent: Identification of a Data Breach within the Patient Records System,Breach in data identified,Commencing immediate investigation into the data breach,Incident,Customer Service,high,en,Breach,Security,Incident,Resolution,Investigation,,,
,"To Whom It May Concern, I am contacting you to report a possible data breach, which may be related to outdated software. Despite my attempts to update various programs, including Snagit, Ansible, and Firebase, the problem continues. I am worried about the security of my data and would appreciate your help in addressing this issue promptly. Could you advise on the next steps or suggest a solution to prevent future breaches? I value your swift response to this matter and eagerly await your guidance. Please inform me if you require any further information to assist me. I can be reached at your convenience to discuss this further. Thank you for your support in resolving this issue. Please provide any necessary reference number <ref_num> for my records, and I look forward to your prompt follow-up.","Dear <name>, We acknowledge your email regarding a suspected data breach possibly due to outdated software. We regret any concern this has caused and thank you for your proactive attempts to update your programs. To better assist you, we need additional information regarding the breach. Could you please share details on the updates you've installed and any error messages you've encountered? Additionally, it would be useful to know the specific data you believe has been compromised. I am available for a phone call if you prefer. Please let me know a convenient time for you. In the meantime, I have assigned a reference number <ref_num> to your case and will contact you within the next 24 hours. Thank you for bringing this matter to our attention, and we look forward to resolving it promptly for you.",Incident,Product Support,high,en,Security,Breach,Technical,Outdated Software,Follow-Up,Guidance,Documentation,Reference Number
Problem with Software Update,Data analytics functions are disrupted following the latest software update. Efforts to restart and reinstall the software have been unsuccessful.,"We apologize for the disruption caused by the recent software update. We would like to investigate and resolve the issue with your data analytics. Could you please provide any error messages you are seeing? For your convenience, we are available to discuss possible solutions over a call at <tel_num>. ",Incident,Technical Support,medium,en,Bug,Performance,Feature,IT,Tech Support,,,
Slowness observed in the data analytics platform,"There has been a noticeable slowdown in the data analytics platform. It might be due to inadequate server resources. Despite restarting the servers and verifying the configurations, the problem continues.","Dear <name>, thank you for contacting us regarding the slowdown in the data analytics platform. We understand how this issue has affected you. We will delve into the root cause. As you have already attempted to restart the servers and reviewed the configurations, our next action will be to examine the server resource usage. Could you provide us with the current server load details and any recent modifications made to the platform? We will call you at <tel_num> to discuss this further if required.",Incident,Technical Support,medium,en,Technical,Performance,Outage,Resolution,Documentation,Maintenance,,
Problem with Invoice,"I am encountering a problem with my invoice. The amount shown online is not accurate. I have attempted to resolve this by refreshing the page and signing out then back in, but the issue still exists. I believe it might be a technical error or a data synchronization issue. Can you please investigate this for me and give me a corrected invoice total?","In response to your email about the incorrect total on your invoice, I want to acknowledge the inconvenience this has caused you. To better assist you, could you provide your account number and the specific invoice number you are referring to? I will look into the matter and determine the reason for the discrepancy. If necessary, I may need to contact you to discuss further; please let me know your availability for a call at your convenience. We aim to provide you with the corrected invoice total as soon as possible. Please let me know if you have any additional information that can help resolve this issue.",Incident,Billing and Payments,low,en,Billing,Technical,Invoice,Payment,Account,Bug,,
Support for Data Analytics Platform Crash,"The data analytics platform encountered issues while processing client investment reports due to high server load and software conflicts, despite restarting applications and checking for updates. The problem continues and requires your assistance.",We need your help to resolve the crash on the Data Analytics Platform. Please provide any error messages and assist with troubleshooting.,Incident,IT Support,medium,en,Crash,Performance,IT,Tech Support,,,,
Digital Campaign Synchronization Problem Noted,"Hello Customer Support, <br>A digital campaign synchronization issue has been observed by me and I am reporting it here. <br>The issue surfaced after the recent software updates and configuration alterations. <br>Steps taken to troubleshoot include restarting the devices and verifying internet connectivity, but unfortunately, the issue still exists. <br>I kindly request you to examine the situation and offer a resolution at the earliest. <br>Please inform me if you need any further details from me for the resolution. <br>I am eagerly awaiting your response. <br>Thanks a lot for your attention and help. <br>Best regards, [Your Name]","Hello [name], We have noted your email concerning the digital campaign synchronization problem. Could you please share the <acc_num> and elaborate on the software updates and configuration changes that were implemented? I will look into this and get back to you with a solution as soon as possible. If necessary, I will reach out to you at <tel_num> for additional discussions.",Incident,IT Support,low,en,Technical,Bug,Software,Configuration,Resolution,Feedback,,
Support Request for Data Breach Issue,"There has been an unexpected data breach that may have compromised sensitive medical data. This is likely due to insufficient security measures and outdated software. Actions taken include securing the system, updating passwords, and monitoring network activity. Assistance is needed to ensure the necessary steps are taken to protect sensitive information and prevent future breaches.",Please review the case and contact +1-800-123-4567 to discuss the necessary assistance.,Incident,Customer Service,low,en,Security,Virus,IT,Tech Support,,,,
Technical Help,"The scanner is not functioning correctly because of old drivers and recent macOS updates. Despite efforts to restart, update software, and reinstall drivers, the problem remains unresolved.","To resolve your scanner issue, could you kindly share your computer and scanner model along with the version of macOS you are running so that I can guide you on the appropriate drivers and updates?",Incident,IT Support,medium,en,Technical,Hardware,Software,Driver,Update,Resolution,,
Problem with SQL Server Downtime,"Faced an SQL Server outage that disrupted data analytics processing, impacting investment optimization. The outage might be due to high query loads on the server. Restarted the SQL Service and reviewed the server logs for any errors.","Noted the SQL Server outage issue affecting data analytics processing. To investigate further, could you please provide details on the high query loads that might have caused the outage? Additionally, I would like to review the server logs for any errors. If necessary, we can schedule a call to discuss the issue and explore possible solutions to prevent future outages. Please let me know a convenient time to contact you at <tel_num>.",Incident,Technical Support,medium,en,Outage,Performance,Network,Recovery,IT,Tech Support,,
Support Required,"Dear Customer Support, I am writing to report an issue with the data visualization dashboard. The dashboard is not loading, and I suspect it might be due to an outdated browser version. I have already tried restarting my browser and clearing the cache, but the problem still persists. I would greatly appreciate your assistance in resolving this matter. Please let me know if there are any additional steps I can take or if you require more information from me. I am available to provide further details if needed. Thank you for your time and support. I look forward to hearing from you soon. Sincerely, [Your Name]","Dear [Your Name], thank you for reporting the issue with the data visualization dashboard. We will investigate and contact you shortly. Could you please confirm your browser version and provide a screenshot of the error message for further assistance?",Incident,Technical Support,low,en,Technical,Customer,Outage,Bug,Browser,Resolution,,
Concerns with Data Analytics,The data analytics tool is yielding inconsistent results. It appears recent software updates might be the cause of data input errors. Efforts to revert to previous versions and validate input data have been unsuccessful.,"In response to your email regarding issues with the data analytics tool, I am sorry to hear that you are experiencing inconsistent output. I understand that your attempts to revert to previous versions and validate input data were unsuccessful. To help us investigate the issue, we would like to gather some information. Please provide the exact error message you are seeing and the steps you took to try and resolve the issue. It would also be helpful to know which version of the software you are currently using and the approximate time frame of the issue.",Incident,Human Resources,medium,en,Bug,Performance,Feature,IT,Tech Support,,,
,"Dear Customer Support, the critical data analytics report generation has failed due to software compatibility issues arising from recent updates. I have attempted to reinstall the affected software and restart the systems, but the issue still persists. I urgently need assistance to resolve this matter to avoid any delays.",We will assist with resolving the software compatibility issue. Please provide details on the updates and affected software so we can investigate further.,Incident,Technical Support,high,en,Bug,Performance,IT,Tech Support,,,,
Customer Support,"Our marketing agency has encountered software malfunctions that are affecting our brand growth strategies. Recent system updates have been conflicting with our existing applications, leading to these issues. Despite our efforts to troubleshoot by reinstalling the affected software and clearing caches, the problems continue. We need your assistance to resolve these issues and get our systems running smoothly again.","Dear [Name], we apologize for the inconvenience caused by the software malfunctions. We appreciate the troubleshooting steps you have taken so far. To better understand the issue, could you please provide details on the system updates and existing applications that are conflicting? Additionally, knowing the exact error messages you are receiving would be very helpful. We would like to schedule a call to discuss the issue and work on a resolution. We are available at your convenience. Please let us know a suitable time for us to arrange.",Incident,Technical Support,high,en,Bug,Performance,IT,Tech Support,,,,
Problem with Campaign Launch,"Hello customer support, I am contacting you to report that my digital marketing campaigns have not been able to start. This may be because of an incompatibility with the Express.js version I am using. Despite attempting to restart my Mac Mini and updating McAfee, the issue remains. I would be grateful if you could examine this situation and offer a remedy at your earliest convenience. Please inform me if you need further details from me to address this concern.",We regret the difficulties you are experiencing with your campaigns. We will look into the compatibility issues with Express.js. Could you please share your current Express.js version and any error messages you have encountered? We will strive to address and resolve this issue promptly and provide a solution or workaround to get your campaigns running.,Incident,Technical Support,low,en,Technical,Campaign,Compatibility,Bug,Software,Resolution,Support,Error
Problem with Project Management Dashboard,"There are occasional access problems with the project management dashboard. This might be related to recent server updates. I have cleared the cache and verified the user permissions, but the issue continues. We need your help to resolve this as soon as possible. We would greatly appreciate a quick response to this matter and are looking forward to your prompt attention. Thank you.",We will investigate the issue with the project management dashboard and can be reached at <tel_num>. Please call us to discuss and resolve the matter as soon as possible.,Incident,Product Support,medium,en,Bug,Performance,Network,IT,Tech Support,,,
Identifying Issues with Campaign Engagement,"Customer Support, <br>Our campaign metrics for Lynda.com Spiegellose Kamera indicate a notable drop in engagement. <br>Potential causes may include recent algorithm changes or ineffective targeting strategies. <br>We have made adjustments to ad spend and audience demographics, which have shown some improvement. <br>We would greatly appreciate your assistance in identifying the root cause of the issue and providing guidance to optimize our campaigns for better performance. <br>Please let us know if you need any additional information.","Upon reviewing the campaign metrics for Lynda.com Spiegellose Kamera, we would like to discuss and identify the root cause of the decline in engagement. Please provide details on any recent adjustments made to ad spend or audience demographics. You can contact us at <tel_num> to discuss the next steps.",Incident,Product Support,high,en,Feedback,Performance,Documentation,Sales,,,,
Support for Project Management SaaS Application Issues,"Our project management SaaS application is encountering functionality problems across multiple devices. It appears recent updates or integration conflicts might be the cause. We have already tried clearing the cache, reinstalling the application, and checking for updates, but the issue still persists. We need assistance to resolve this problem.","We are here to help with the functionality issues you are experiencing with your project management SaaS application. To better understand the issue, could you please provide more details about the errors you are encountering and any recent integrations or updates made? For your convenience, we would like to schedule a call to troubleshoot and resolve the issue. Please let us know a suitable time for the call at <tel_num>.",Incident,Technical Support,high,en,Bug,Performance,IT,Tech Support,,,,
Report on System Outage: Impact on Medical Data Security,"A system outage is impacting medical data security and hospital operations. The cause is unknown, but a recent software update or network failure is suspected. The team has restarted affected systems and reached out to vendors for assistance.","<name> has received the incident report concerning the system outage affecting medical data security and hospital operations. It is understood that the cause is unknown, with a recent software update or network failure being suspected. A discussion to determine the next steps would be appreciated. A call at the earliest convenience to gather information and work towards a resolution would be ideal. Please let us know a suitable time for the call at <tel_num> for account <acc_num>.",Incident,Service Outages and Maintenance,medium,en,Outage,Security,Network,IT,Performance,Tech Support,,
,Assistance needed for data breach in hospital systems,"Please acknowledge the data breach issue with hospital systems. To better assist you, could you provide details on the issue you're experiencing, the nature of the breach, and any error messages received? I would like to schedule a call to discuss this further. I am available to talk at your earliest convenience. Please let me know a suitable time for a callback at <tel_num>.",Incident,Technical Support,high,en,Security,IT,Tech Support,,,,,
,"Respected customer support, I am contacting you to report a problem with our digital campaign. It unexpectedly stopped working and we're uncertain of the reason. We believe it could be because of updated software that is not compatible. Despite restarting the systems and checking the configurations, the issue is still occurring. We would be grateful if you could look into this and provide a solution at the earliest. Please inform us if you need more information from us to address the issue. We look forward to your response. Thank you for your time and help.","Dear <name>, we regret the issues encountered with your digital campaign and thank you for bringing it to our notice. We will look into the cause of the crash and work to resolve it promptly. To assist in the investigation, could you please provide us with details about the recently installed software updates and the specific error message you are receiving. If needed, we may arrange a call; are you available for a call at <tel_num> or do you prefer another time? We will contact you shortly to update you on the status of the issue.",Incident,Technical Support,high,en,Crash,Outage,Bug,Technical,Resolution,Follow-Up,Documentation,
Urgent Assistance Required,"An unexpected service outage has impacted several systems, causing disruptions to access medical data for hospital services. The issue might be due to misconfiguration in the Kubernetes deployment or a potential software vulnerability. We have rebooted the affected servers and checked for configuration errors, but the issue still persists.","Received an urgent assistance request regarding the service outage that has affected multiple systems and hospital services. To better assist you, could you please provide details on any error messages and the steps that have been taken so far? It would be helpful to know the exact configuration of the Kubernetes deployment and any recent software updates. I would like to schedule a call to discuss this further and am available at the earliest convenience. Please let me know a suitable time.",Incident,Service Outages and Maintenance,high,en,Outage,Disruption,Recovery,Maintenance,Virus,Security,IT,Tech Support
Needed: Support for Server Issues,"Unpredictable delays in data processing for investment analytics tools are happening because of server overload during peak usage times. Even after restarting servers and optimizing queries, the problems continue and require assistance to resolve the issue.","<name> has acknowledged receipt of your email regarding server overload issues impacting investment analytics tools. For better assistance, we would like to schedule a call to discuss the issue in detail. Please let us know when you would be available for the call, or offer alternative times. Additionally, knowing the current server configuration and any recent changes made to optimize queries will be helpful in investigating and providing a resolution.",Incident,Product Support,high,en,Performance,Network,IT,Tech Support,,,,
,"Dear Customer Support, I am encountering issues with the investment performance analytics report due to the recent software update. Despite my efforts to revert the update and restart the systems, the problem continues. I suspect there might be compatibility issues with my existing tools and analytics methods. I would greatly appreciate it if you could look into this matter urgently and provide a solution. Please inform me if you require any additional information; I am available to discuss and provide the necessary details. Thank you.","<name> acknowledges receipt of the email regarding the issue with investment performance analytics. Apologies for the inconvenience caused by the recent software update. We will investigate the matter and provide a solution as soon as possible. To better understand the issue, please provide details about the inconsistent results you are experiencing and the steps you have taken to revert the update. We would like to schedule a call at a convenient time for you. Please let us know a suitable time for the call, and we can contact you at <tel_num>.",Incident,Product Support,low,en,Performance,Bug,IT,Tech Support,,,,
Assistance Requested for Data Encryption Issue,"Hello Support Team, I need assistance with a data encryption error that has been occurring. The error message 'Data encryption failed' is shown, and it seems a misconfiguration might be the reason. After attempting to restart the servers and review the logs, the issue still exists. I would be very grateful if you could assist in solving this problem. Please inform me if you require more details from me to help resolve this. Thank you for your support and I look forward to your feedback.","Hello, we appreciate you reaching out to us regarding the data encryption issue. We are ready to help you solve this. For a better understanding, could you please share the details of the configuration update and the most recent log files? This will assist us in identifying the issue and providing a solution. If necessary, we can arrange a call using the number <tel_num> to discuss further, kindly provide a convenient time for your account <acc_num>.",Incident,Technical Support,high,en,Technical,Security,Bug,Documentation,Feedback,Resolution,,
Problem with Data Analytics Dashboard Performance,"Respected Customer Support, I am contacting you to report a problem with our data analytics dashboard. It has suddenly stopped updating and we have already attempted to restart the system and check the RAM. We believe the problem could be due to a RAM shortage or software conflict. The dashboard is crucial for our operations, and we require it to function without issues. Kindly investigate this matter and offer a solution or guidance on how to fix it. We would greatly appreciate any support you can provide to restore the dashboard. Thanks for your attention and assistance.","Dear <name>, we appreciate your communication regarding the malfunction of your data analytics dashboard. We regret the inconvenience this has caused to your operations. We are ready to assist you in resolving this issue. Could you please share details about your system setup, such as the operating system and software versions, as well as any changes made recently? This information will aid us in identifying the problem and providing a more precise solution. If necessary, we can arrange a call at <tel_num> to discuss further and provide guidance on resolving the issue related to <acc_num>. Thank you.",Incident,Technical Support,medium,en,Technical,Performance,Bug,Hardware,Software Conflict,,,
Problem with Data Analytics,"The data analytics dashboard did not update during the night because of insufficient NAS storage or possible AWS connection problems. Restarted Ansible and Zapier connections, reviewed QNAP TS-453D logs.","Dear <name>, we appreciate you notifying us about the Data Analytics issue. We are examining the QNAP TS-453D logs and the Ansible and Zapier connections you restarted. For further investigation, could you confirm the current storage space available on your NAS and the status of your AWS connection? If necessary, we can schedule a call at <tel_num> to discuss further; please inform us of a convenient time. We will address the issue with your Data Analytics dashboard as soon as possible, concerning your <acc_num>.",Incident,Customer Service,low,en,Technical,Bug,Performance,Crash,Documentation,,,
Problem with Software Updates Today,"The software unexpectedly crashed during project updates, impacting the linked tools. This might be due to recent updates causing compatibility issues. I have attempted to reboot the system and reinstall the affected applications, but the issue still persists.",Investigating the issue with the software updates. Please provide the version numbers of the affected applications and the exact error message you are seeing. Contact <tel_num> to discuss the next steps.,Incident,Technical Support,high,en,Bug,Performance,Maintenance,IT,Tech Support,,,
Concern About Project Schedule,"Greetings Customer Support, I am contacting you to address a serious problem with our project schedule. Lately, our project schedule has become dysfunctional, causing the loss of all team tasks. We suspect that this may be related to an incompatibility with Adobe Premiere Pro 2021. Despite restarting PostgreSQL and troubleshooting the Joystick settings, our efforts have not succeeded in fixing the issue. We would be extremely grateful if you could provide us with your assistance to resolve this as quickly as possible. Kindly inform us if there is any extra information you need from us to help with the solution. Thank you for your understanding and cooperation. Sincerely, [Your Name]","Hello [name], I regret to learn that you are facing difficulties with your project schedule. I am here to help you address this issue. To better comprehend the problem, could you provide detailed information about the integration with Adobe Premiere Pro 2021 and any error messages you are encountering? Also, it would be useful to know the version of PostgreSQL you are currently using. If possible, I can also contact you at <tel_num> to discuss this further. Please let me know a convenient time for the call. I will do everything I can to assist in recovering your project schedule and team assignments as swiftly as possible.",Incident,Technical Support,high,en,Technical,Bug,Software,Resolution,Documentation,Feedback,,
Unintended Loss of Campaign Data Following Node.js Update,"Good day, Customer Service Team. I am inquiring about an anomaly with our campaign data. It vanished unexpectedly overnight. We believe the recent Node.js 14.17 upgrade might have led to compatibility problems. We have attempted to restart the server and examine the Airtable logs, yet the issue remains unresolved. Can you provide guidance on how to proceed? Please inform us if there are any further actions we can take to resolve this. Your prompt assistance is greatly appreciated. Sincerely, [Your Name]","Hello [Name], thank you for informing us about the campaign data issue. We regret the inconvenience. To better understand the compatibility issues with Node.js 14.17, could you furnish us with the Airtable logs and server specifics? We will review the provided data and offer additional troubleshooting steps. Should a deeper discussion be required, we can arrange a call at [Phone Number] to address the matter further. Kindly indicate a convenient time for the call. We are committed to resolving this issue swiftly for account [Account Number].",Incident,Technical Support,high,en,Technical,Bug,Documentation,Guidance,Resolution,Incident,Crash,Network
Problem with Data Access,"There was an issue with accessing data, specifically medical records, which might be related to outdated security protocols. We have updated the antivirus software and performed a preliminary security review.",Please review the incident and contact +1-800-555-1234 to discuss potential solutions for the data access problem.,Incident,Technical Support,low,en,Bug,Security,Virus,IT,Tech Support,,,
Problem with Metrics of Digital Campaign,"Hello Customer Support, I am contacting you to report a recent anomaly in the metrics of my digital campaign. This might be due to an integration issue. Although I have attempted to reset both my QuickBooks and Mailchimp integrations, the problem still exists. I hope you can look into this and offer a solution promptly. If there is any more information you need from me to resolve this, please let me know. Thank you for your time and help. I eagerly await your response.","Hello <name>, thank you for bringing the issue of the digital campaign metrics discrepancy to our attention. I apologize for the inconvenience this has caused despite your efforts to reset the QuickBooks and Mailchimp connections. To better understand the issue, could you provide further details about the metrics that are affected and any error messages you have received? Additionally, I would like to arrange a call with you to discuss this further. Could you be available for a call at <tel_num>, or do you prefer a different time?",Incident,Product Support,high,en,Technical,Customer,Integration,Metrics,QuickBooks,Mailchimp,Resolution,
Aid Required for Project,Users are facing delayed access to the project dashboard owing to higher traffic and inefficient database queries.,"We will look into this, optimize the queries, and enhance the loading times for the project dashboard. Please provide your account number <acc_num> so we can address this issue promptly.",Incident,Technical Support,medium,en,Performance,IT,Tech Support,Login,,,,
Healthcare Access Concern,"I am encountering an undesired medical data access denial scenario. My login credentials have suddenly stopped working, which might be related to a change in password policies. Despite restarting my device, verifying my credentials, and referring to the user manual, the problem remains unresolved.","Dear <name>, I apologize for the inconvenience you are facing with your healthcare data access. It seems you have already taken steps such as restarting your device, checking your credentials, and reviewing the user manual. To better assist you, could you please share any specific error messages you are seeing? Also, I would like to schedule a time to discuss this further. Please let me know a convenient time for you to speak at <tel_num>. I aim to resolve the issue with your account <acc_num> as quickly as possible.",Incident,IT Support,medium,en,Login,Security,Account,Documentation,Guidance,Disruption,Follow-Up,
Concern Regarding Data Analytics Tools Performance,"We are encountering frequent outages with the data analytics tools, which are essential for investment optimization. Rebooting the servers and checking the network settings resolved the issue.","<name> has acknowledged the issue with the data analytics tools performance and frequent outages, which are affecting investment optimization. They understand that rebooting the servers and checking the network settings resolved the issue. They would like assistance in resolving the matter and request details on the frequency of outages and any exact error messages received. This information will help them better understand the issue and provide an accurate solution. They may require a call to discuss the matter further.",Incident,IT Support,high,en,Performance,Outage,Network,IT,Tech Support,,,
 Urgent Assistance Required for Medical Data Breach Incident,"Dear Support Team, we encountered an incident involving a breach of medical data. Unauthorized access to patient records occurred due to inadequate encryption. Steps taken so far include restarting the KVM-Switch and reviewing Wi-Fi settings. Kindly provide further instructions on how to proceed.","Given the seriousness of the medical data breach, we are initiating an immediate investigation. For a smoother resolution, please share more details regarding the unauthorized access and your current network configuration. This information will help us take the necessary actions to secure patient records.",Incident,Product Support,high,en,Breach,Security,Incident,Resolution,Documentation,Network,Feedback,
Trouble with Project Management Application,"Facing problems with the project management tool. An error arose when trying to integrate with different software products, which has impacted the functionality. I suspect the issue is due to compatibility problems between the software versions and operating systems. Despite updating drivers and reinstalling applications, the problem continues. I would greatly appreciate your assistance in resolving this matter, as it is affecting my work. Please let me know if you need additional information or if scheduling a call at <tel_num> would be convenient to discuss known solutions and potential fixes.","<name> received your email regarding the issues with the project management application. To assist further, could you please provide details on the software versions and operating systems you are using? We would like to investigate the compatibility issues mentioned. If needed, we can schedule a call at <tel_num> to discuss the matter and explore possible solutions. Please let me know a convenient time for you. We aim to resolve the issue as soon as possible.",Incident,Product Support,high,en,Bug,Performance,IT,Tech Support,,,,
Problem with Data Analytics Software Setup,A team member has noted discrepancies in the data analytics. These might be due to software misconfiguration. Previous efforts to fix the issue involved restarting the analytics tool and recalibrating data inputs. We require your help to resolve this problem.,Please provide detailed assistance immediately.,Incident,Human Resources,medium,en,Bug,Performance,IT,Tech Support,Documentation,,,
Problem with Website Loading Speed,"Greetings Customer Support, I am contacting you to report a slow loading issue with our website. The problem was encountered when I attempted to access the site, and it took an inordinately long time to load. Upon examination, I discovered that the problem is due to limited server resources. I have attempted to address the issue by restarting the server and clearing the cache, but the problem still persists. I would be grateful if you could look into this and offer a solution promptly. If there is additional information you require from me, please let me know. I am looking forward to your response and hope to hear from you soon. Thank you for your time and assistance. Despite my efforts to troubleshoot, the issue remains unresolved. With your help, I am confident that we can resolve this and ensure the website operates smoothly. I appreciate your attention to this matter and look forward to your response.","Hello <name>, We acknowledge your email regarding the slow loading of the website. Thank you for the detailed explanation of the issue and the troubleshooting steps you have already undertaken. Since restarting the server and clearing the cache have not resolved the issue, we need more information to investigate further. Could you please share your server configuration details and any error messages you are encountering? If necessary, I can arrange a call at <tel_num> to discuss this in more detail and provide a tailored solution. Kindly share a suitable time for the call. We will work to solve this issue and ensure the website runs smoothly as soon as possible.",Incident,Technical Support,low,en,Technical,Website,Performance,Server,Troubleshooting,Resolution,Speed,Bug
Sudden failure of Discord Moodle integration,The connection between Discord and Moodle has unexpectedly stopped working. I have restarted the servers and reviewed the logs.,"Hello <name>, we regret to inform you that there has been an issue with the Discord Moodle integration. Could you please provide more details regarding the error message you are encountering so we can investigate this further? Additional information may be needed, and we may need to contact you for more details. If it's convenient, could we discuss this issue over the phone? You can be reached at <tel_num> if that works for you.",Incident,Human Resources,medium,en,Technical,Integration,Crash,Bug,Documentation,,,
Problem with Investment Analysis Dashboard,"The investment analysis dashboard encountered a crash, leading to the loss of data. It has also frozen and become unresponsive. Potential reasons for this issue may involve an overloaded PostgreSQL database. I have already attempted to restart Nuendo and checked the KVM-Switch, but the problem continues. I would greatly appreciate your help in addressing this concern and recovering my lost data.",I am examining the issue with your investment dashboard and suspect a possible overload on the PostgreSQL database. I will reach out to you at <tel_num> to discuss the next steps for resolving the issue and recovering your lost data. Could you please provide a suitable time for me to contact you?,Incident,Product Support,high,en,Crash,Dashboard,Bug,Performance,Issue,Datum,Database,Crash
Unforeseen Costs on My Subscription Plan This Day,"Respected Customer Support Team, I am contacting you about a problem that has arisen with my subscription. There have been inexplicable charges on my account, which I suspect may be due to a potential issue with the billing system. After examining my account details and recent invoices, I have found no errors, but the problem still remains. I would be very grateful if you could thoroughly investigate the situation and offer a solution at your earliest convenience. Please notify me if you require any further details to help with this process. I trust your support will enable a swift resolution. I am eager to hear from you soon. Kind regards, [Your Name]","Honorable <name>, I am examining the unplanned charges against your subscription account <acc_num> as you have described. To assist you better, could you please specify the date and amount of the unexpected charges? Also, if you have any pertinent invoices or receipts, please forward them. I may need to contact you at <tel_num> to discuss this further; are you available to talk at a suitable time? I will strive to address this matter as quickly and effectively as possible. Please inform me if any additional information is required from you.",Incident,Billing and Payments,medium,en,Billing,Customer,Payment,Resolution,Investigation,,,
Problem with Data Visualization Feature,"I am encountering difficulties with the data visualization function. Particularly, the investment trends are not showing up. I have already restarted my device and verified if there were any updates, but the issue still exists. I believe the problem could be related to outdated software or incorrect settings. Could you please help resolve this matter? Your advice or troubleshooting steps would be greatly appreciated. Please inform me if you require additional details from me.",I can help you with the data visualization issue. Could you please share your account number and the version of the software you are using? I will guide you through the troubleshooting steps or provide an update as needed to address the problem with the investment trends display.,Incident,Returns and Exchanges,low,en,Feature,Bug,Documentation,Guidance,Troubleshooting,Software,Update,
Problem with Data Processing,The company encountered delays in data processing for investment analytics reports due to a software update.,"We apologize for the delay in data processing. Please provide details about the software update, and we will look into resolving the issue as soon as possible.",Incident,Product Support,low,en,Bug,Performance,Outage,IT,Tech Support,,,
Problem with Analytics Dashboard,The analytics dashboard on the website is not showing any data.,"Hello <name>,\n\nWe have received your email concerning the issue with the analytics dashboard on your website not displaying data. We apologize for any inconvenience this has caused and are here to help resolve the matter. Could you please provide more details about the specific dashboard and the time frame that is affected? Also, could you confirm your account number <acc_num> so we can investigate further? If necessary, we can schedule a call at a convenient time for a more detailed discussion. Please let us know a suitable time to contact you at <tel_num>. We will aim to provide a timely resolution to this issue.\n\nThank you.",Incident,Technical Support,medium,en,Technical,Analytics,Dashboard,Bug,Resolution,Customer,Feedback,
Problem with the Home Page of the Website,"The home page of the website has started to malfunction unexpectedly. It might be due to a plugin that is out of date or a coding mistake. I have restarted the server and reviewed the logs, but the problem still exists. I would really appreciate your help to fix this.",I will look into the issue with the website's home page. Could you please share the website URL and more specifics about the error for better assistance?,Incident,Technical Support,high,en,Technical,Website,Bug,Maintenance,Resolution,Documentation,,
